<?xml version="1.0" encoding="UTF-8"?>
<project-private xmlns="http://www.netbeans.org/ns/project-private/1">
    <editor-bookmarks xmlns="http://www.netbeans.org/ns/editor-bookmarks/2" lastBookmarkId="0"/>
    <open-files xmlns="http://www.netbeans.org/ns/projectui-open-files/2">
        <group>
            <file>file:/C:/Users/brecinosm/OneDrive%20-%20Comunicaciones%20Celulares,%20S.A/Documentos/NetBeansProjects/ejercicio30072023/src/modelo/Persona.java</file>
            <file>file:/C:/Users/brecinosm/OneDrive%20-%20Comunicaciones%20Celulares,%20S.A/Documentos/NetBeansProjects/ejercicio30072023/src/modelo/from_personas.java</file>
            <file>file:/C:/Users/brecinosm/OneDrive%20-%20Comunicaciones%20Celulares,%20S.A/Documentos/NetBeansProjects/ejercicio30072023/src/modelo/Cliente.java</file>
            <file>file:/C:/Users/brecinosm/OneDrive%20-%20Comunicaciones%20Celulares,%20S.A/Documentos/NetBeansProjects/ejercicio30072023/src/modelo/main.java</file>
        </group>
    </open-files>
</project-private>
